{
  "counts": {
    "feeds": 9,
    "raw_entries": 2,
    "raw_inserted": 2,
    "articles_extracted": 2,
    "clusters": 2
  },
  "durations": {
    "fetch_sec": 30.136504650115967,
    "extract_sec": 1.3794879913330078,
    "cluster_sec": 0.04320263862609863,
    "publish_sec": 0.03637218475341797,
    "total_sec": 31.611910343170166
  }
}